id,source,account_id,date,amount,currency,counterparty_raw,reference_raw
B001,bank,BANK-4471,2026-08-03,450.00,INR,STARBUCKS INDIA,REF4412998
B002,bank,BANK-4471,2026-08-04,1250.50,INR,SWIGGY,REF908812
B003,bank,BANK-4471,2026-08-06,89000.00,INR,AMAZON WEB SERVICES EMEA,INV-AWS-8891
B004,bank,BANK-4471,2026-08-08,320.75,INR,UBER INDIA,REF771234
B005,bank,BANK-4471,2026-08-10,14999.00,INR,ZOOM VIDEO,ZM-55521
B006,bank,BANK-4471,2026-08-12,1250.50,INR,SWIGGY AGGREGATED PAYOUT,BULK-7781
B007,bank,BANK-4471,2026-08-13,600.00,INR,STARBUCKS,REF998123
B008,bank,BANK-4471,2026-08-20,5000.00,INR,UNMATCHED BANK CREDIT,REF9999
B009,bank,BANK-4471,2026-08-16,3200.00,INR,UBER INDIA,BULK9001
